identifier	batch
SRR1069188	GTEx_polyA
SRR1070986	GTEx_polyA
SRR1071289	GTEx_polyA
SRR1071880	GTEx_polyA
SRR1072178	GTEx_polyA
SRR1072367	GTEx_polyA
SRR1072504	GTEx_polyA
SRR1072797	GTEx_polyA
SRR1073143	GTEx_polyA
SRR1073755	GTEx_polyA
SRR1074164	GTEx_polyA
SRR1075433	GTEx_polyA
SRR1075898	GTEx_polyA
SRR1076072	GTEx_polyA
SRR1077405	GTEx_polyA
SRR1077687	GTEx_polyA
SRR1078347	GTEx_polyA
SRR1078879	GTEx_polyA
SRR1079168	GTEx_polyA
SRR1079281	GTEx_polyA
SRR1079591	GTEx_polyA
SRR1080172	GTEx_polyA
SRR1080835	GTEx_polyA
SRR1080927	GTEx_polyA
SRR1081741	GTEx_polyA
SRR1082262	GTEx_polyA
SRR1082328	GTEx_polyA
SRR1082759	GTEx_polyA
SRR1083100	GTEx_polyA
SRR1083632	GTEx_polyA
SRR1084484	GTEx_polyA
SRR1084649	GTEx_polyA
SRR1084842	GTEx_polyA
SRR1085015	GTEx_polyA
SRR1085495	GTEx_polyA
SRR1085662	GTEx_polyA
SRR1085825	GTEx_polyA
SRR1085850	GTEx_polyA
SRR1085975	GTEx_polyA
SRR1086561	GTEx_polyA
SRR1086635	GTEx_polyA
SRR1088389	GTEx_polyA
SRR1092706	GTEx_polyA
SRR1092797	GTEx_polyA
SRR1093527	GTEx_polyA
SRR1093773	GTEx_polyA
SRR1095865	GTEx_polyA
SRR1096851	GTEx_polyA
SRR1096966	GTEx_polyA
SRR1097392	GTEx_polyA
SRR1097752	GTEx_polyA
SRR1097978	GTEx_polyA
SRR1098336	GTEx_polyA
SRR1098519	GTEx_polyA
SRR1099023	GTEx_polyA
SRR1099168	GTEx_polyA
SRR1099499	GTEx_polyA
SRR1307770	GTEx_polyA
SRR1310008	GTEx_polyA
SRR1310113	GTEx_polyA
SRR1310136	GTEx_polyA
SRR1310623	GTEx_polyA
SRR1311086	GTEx_polyA
SRR1311182	GTEx_polyA
SRR1311285	GTEx_polyA
SRR1311400	GTEx_polyA
SRR1311575	GTEx_polyA
SRR1311771	GTEx_polyA
SRR1311794	GTEx_polyA
SRR1316535	GTEx_polyA
SRR1316624	GTEx_polyA
SRR1316815	GTEx_polyA
SRR1316874	GTEx_polyA
SRR1316921	GTEx_polyA
SRR1316940	GTEx_polyA
SRR1316963	GTEx_polyA
SRR1317323	GTEx_polyA
SRR1317344	GTEx_polyA
SRR1317494	GTEx_polyA
SRR1317596	GTEx_polyA
SRR1317808	GTEx_polyA
SRR1317853	GTEx_polyA
SRR1317877	GTEx_polyA
SRR1318067	GTEx_polyA
SRR1318163	GTEx_polyA
SRR1318372	GTEx_polyA
SRR1318407	GTEx_polyA
SRR1318426	GTEx_polyA
SRR1319019	GTEx_polyA
SRR1319136	GTEx_polyA
SRR1319158	GTEx_polyA
SRR1319539	GTEx_polyA
SRR1319672	GTEx_polyA
SRR1319816	GTEx_polyA
SRR1319837	GTEx_polyA
SRR1319970	GTEx_polyA
SRR1320012	GTEx_polyA
SRR1320071	GTEx_polyA
SRR1320093	GTEx_polyA
SRR1320115	GTEx_polyA
SRR1320180	GTEx_polyA
SRR1320280	GTEx_polyA
SRR1320342	GTEx_polyA
SRR1320560	GTEx_polyA
SRR1320873	GTEx_polyA
SRR1320892	GTEx_polyA
SRR1320916	GTEx_polyA
SRR1320963	GTEx_polyA
SRR1321046	GTEx_polyA
SRR1321183	GTEx_polyA
SRR1321244	GTEx_polyA
SRR1321462	GTEx_polyA
SRR1321552	GTEx_polyA
SRR1321674	GTEx_polyA
SRR1321786	GTEx_polyA
SRR1321853	GTEx_polyA
SRR1321966	GTEx_polyA
SRR1322163	GTEx_polyA
SRR1322270	GTEx_polyA
SRR1322291	GTEx_polyA
SRR1322419	GTEx_polyA
SRR1322456	GTEx_polyA
SRR1322555	GTEx_polyA
SRR1322768	GTEx_polyA
SRR1323043	GTEx_polyA
SRR1323106	GTEx_polyA
SRR1323130	GTEx_polyA
SRR1323174	GTEx_polyA
SRR1323196	GTEx_polyA
SRR1323536	GTEx_polyA
SRR1323603	GTEx_polyA
SRR1323746	GTEx_polyA
SRR1323764	GTEx_polyA
SRR1323807	GTEx_polyA
SRR1324043	GTEx_polyA
SRR1324371	GTEx_polyA
SRR1324431	GTEx_polyA
SRR1324452	GTEx_polyA
SRR1325332	GTEx_polyA
SRR1325401	GTEx_polyA
SRR1325665	GTEx_polyA
SRR1325927	GTEx_polyA
SRR1325964	GTEx_polyA
SRR1325986	GTEx_polyA
SRR1326179	GTEx_polyA
SRR1326366	GTEx_polyA
SRR1327593	GTEx_polyA
SRR1327811	GTEx_polyA
SRR1327975	GTEx_polyA
SRR1328035	GTEx_polyA
SRR1328487	GTEx_polyA
SRR1328599	GTEx_polyA
SRR1328895	GTEx_polyA
SRR1328919	GTEx_polyA
SRR1329090	GTEx_polyA
SRR1329334	GTEx_polyA
SRR1329377	GTEx_polyA
SRR1329551	GTEx_polyA
SRR1329761	GTEx_polyA
SRR1329835	GTEx_polyA
SRR1329885	GTEx_polyA
SRR1330041	GTEx_polyA
SRR1330061	GTEx_polyA
SRR1330346	GTEx_polyA
SRR1330498	GTEx_polyA
SRR1330546	GTEx_polyA
SRR1330656	GTEx_polyA
SRR1330675	GTEx_polyA
SRR1330699	GTEx_polyA
SRR1331289	GTEx_polyA
SRR1331335	GTEx_polyA
SRR1331466	GTEx_polyA
SRR1331534	GTEx_polyA
SRR1331579	GTEx_polyA
SRR1331597	GTEx_polyA
SRR1331751	GTEx_polyA
SRR1331841	GTEx_polyA
SRR1331944	GTEx_polyA
SRR1332048	GTEx_polyA
SRR1332275	GTEx_polyA
SRR1332317	GTEx_polyA
SRR1332796	GTEx_polyA
SRR1332856	GTEx_polyA
SRR1333352	GTEx_polyA
SRR1333587	GTEx_polyA
SRR1333694	GTEx_polyA
SRR1333741	GTEx_polyA
SRR1333767	GTEx_polyA
SRR1333930	GTEx_polyA
SRR1334033	GTEx_polyA
SRR1334440	GTEx_polyA
SRR1334564	GTEx_polyA
SRR1334717	GTEx_polyA
SRR1334741	GTEx_polyA
SRR1334847	GTEx_polyA
SRR1334960	GTEx_polyA
SRR1335029	GTEx_polyA
SRR1335047	GTEx_polyA
SRR1335254	GTEx_polyA
SRR1335377	GTEx_polyA
SRR1335400	GTEx_polyA
SRR1335446	GTEx_polyA
SRR1335651	GTEx_polyA
SRR1335688	GTEx_polyA
SRR1335707	GTEx_polyA
SRR1335856	GTEx_polyA
SRR1336006	GTEx_polyA
SRR1336069	GTEx_polyA
SRR1336158	GTEx_polyA
SRR1336292	GTEx_polyA
SRR1336357	GTEx_polyA
SRR1336379	GTEx_polyA
SRR1336481	GTEx_polyA
SRR1336548	GTEx_polyA
SRR1336660	GTEx_polyA
SRR1336727	GTEx_polyA
SRR1336887	GTEx_polyA
SRR1337074	GTEx_polyA
SRR1337098	GTEx_polyA
SRR1337119	GTEx_polyA
SRR1337412	GTEx_polyA
SRR1337431	GTEx_polyA
SRR1337564	GTEx_polyA
SRR1337648	GTEx_polyA
SRR1337864	GTEx_polyA
SRR1337909	GTEx_polyA
SRR1338219	GTEx_polyA
SRR1338301	GTEx_polyA
SRR1338323	GTEx_polyA
SRR1338584	GTEx_polyA
SRR1338627	GTEx_polyA
SRR1345478	GTEx_polyA
SRR1346670	GTEx_polyA
SRR1346813	GTEx_polyA
SRR1347688	GTEx_polyA
SRR1348021	GTEx_polyA
SRR1348159	GTEx_polyA
SRR1348339	GTEx_polyA
SRR1348360	GTEx_polyA
SRR1348424	GTEx_polyA
SRR1348446	GTEx_polyA
SRR1348770	GTEx_polyA
SRR1348861	GTEx_polyA
SRR1349013	GTEx_polyA
SRR1349056	GTEx_polyA
SRR1349829	GTEx_polyA
SRR1350107	GTEx_polyA
SRR1350220	GTEx_polyA
SRR1350525	GTEx_polyA
SRR1351325	GTEx_polyA
SRR1351880	GTEx_polyA
SRR1352129	GTEx_polyA
SRR1352415	GTEx_polyA
SRR1352554	GTEx_polyA
SRR1352706	GTEx_polyA
SRR1352954	GTEx_polyA
SRR1352975	GTEx_polyA
SRR1353157	GTEx_polyA
SRR1353176	GTEx_polyA
SRR1353221	GTEx_polyA
SRR1353285	GTEx_polyA
SRR1354013	GTEx_polyA
SRR1354446	GTEx_polyA
SRR1354577	GTEx_polyA
SRR1354689	GTEx_polyA
SRR1354734	GTEx_polyA
SRR1354910	GTEx_polyA
SRR1355040	GTEx_polyA
SRR1355061	GTEx_polyA
SRR1355150	GTEx_polyA
SRR1355262	GTEx_polyA
SRR1355373	GTEx_polyA
SRR1355595	GTEx_polyA
SRR1355613	GTEx_polyA
SRR1355635	GTEx_polyA
SRR1356036	GTEx_polyA
SRR1356204	GTEx_polyA
SRR1356375	GTEx_polyA
SRR1356444	GTEx_polyA
SRR1356619	GTEx_polyA
SRR1357021	GTEx_polyA
SRR1357189	GTEx_polyA
SRR1357413	GTEx_polyA
SRR1357434	GTEx_polyA
SRR1357478	GTEx_polyA
SRR1357523	GTEx_polyA
SRR1358102	GTEx_polyA
SRR1358183	GTEx_polyA
SRR1358501	GTEx_polyA
SRR1358561	GTEx_polyA
SRR1358689	GTEx_polyA
SRR1358826	GTEx_polyA
SRR1359123	GTEx_polyA
SRR1359171	GTEx_polyA
SRR1359192	GTEx_polyA
SRR1359367	GTEx_polyA
SRR1359388	GTEx_polyA
SRR1359630	GTEx_polyA
SRR1359649	GTEx_polyA
SRR1359673	GTEx_polyA
SRR1360038	GTEx_polyA
SRR1360104	GTEx_polyA
SRR1360128	GTEx_polyA
SRR1360150	GTEx_polyA
SRR1360383	GTEx_polyA
SRR1360563	GTEx_polyA
SRR1360674	GTEx_polyA
SRR1360718	GTEx_polyA
SRR1360744	GTEx_polyA
SRR1360868	GTEx_polyA
SRR1361567	GTEx_polyA
SRR1361674	GTEx_polyA
SRR1361714	GTEx_polyA
SRR1361736	GTEx_polyA
SRR1361757	GTEx_polyA
SRR1361795	GTEx_polyA
SRR1362060	GTEx_polyA
SRR1362183	GTEx_polyA
SRR1362417	GTEx_polyA
SRR1362464	GTEx_polyA
SRR1362532	GTEx_polyA
SRR1362643	GTEx_polyA
SRR1362777	GTEx_polyA
SRR1362888	GTEx_polyA
SRR1363633	GTEx_polyA
SRR1363810	GTEx_polyA
SRR1363992	GTEx_polyA
SRR1364676	GTEx_polyA
SRR1364739	GTEx_polyA
SRR1364800	GTEx_polyA
SRR1364893	GTEx_polyA
SRR1365828	GTEx_polyA
SRR1365987	GTEx_polyA
SRR1366057	GTEx_polyA
SRR1366141	GTEx_polyA
SRR1366433	GTEx_polyA
SRR1366579	GTEx_polyA
SRR1366961	GTEx_polyA
SRR1367128	GTEx_polyA
SRR1367870	GTEx_polyA
SRR1367943	GTEx_polyA
SRR1368178	GTEx_polyA
SRR1368222	GTEx_polyA
SRR1368772	GTEx_polyA
SRR1368835	GTEx_polyA
SRR1368856	GTEx_polyA
SRR1368964	GTEx_polyA
SRR1369148	GTEx_polyA
SRR1369219	GTEx_polyA
SRR1370129	GTEx_polyA
SRR1370173	GTEx_polyA
SRR1370240	GTEx_polyA
SRR1370262	GTEx_polyA
SRR1370405	GTEx_polyA
SRR1370473	GTEx_polyA
SRR1370619	GTEx_polyA
SRR1370797	GTEx_polyA
SRR1373858	GTEx_polyA
SRR1373940	GTEx_polyA
SRR1374115	GTEx_polyA
SRR1374221	GTEx_polyA
SRR1374246	GTEx_polyA
SRR1375203	GTEx_polyA
SRR1375271	GTEx_polyA
SRR1375308	GTEx_polyA
SRR1375571	GTEx_polyA
SRR1375616	GTEx_polyA
SRR1375635	GTEx_polyA
SRR1375907	GTEx_polyA
SRR1375927	GTEx_polyA
SRR1375952	GTEx_polyA
SRR1375976	GTEx_polyA
SRR1376270	GTEx_polyA
SRR1376597	GTEx_polyA
SRR1377445	GTEx_polyA
SRR1377927	GTEx_polyA
SRR1377984	GTEx_polyA
SRR1378004	GTEx_polyA
SRR1378155	GTEx_polyA
SRR1378841	GTEx_polyA
SRR1379238	GTEx_polyA
SRR1379450	GTEx_polyA
SRR1379562	GTEx_polyA
SRR1380680	GTEx_polyA
SRR1381543	GTEx_polyA
SRR1381566	GTEx_polyA
SRR1381632	GTEx_polyA
SRR1381673	GTEx_polyA
SRR1381757	GTEx_polyA
SRR1381889	GTEx_polyA
SRR1382532	GTEx_polyA
SRR1382570	GTEx_polyA
SRR1382708	GTEx_polyA
SRR1382869	GTEx_polyA
SRR1382956	GTEx_polyA
SRR1383018	GTEx_polyA
SRR1383059	GTEx_polyA
SRR1383612	GTEx_polyA
SRR1383633	GTEx_polyA
SRR1383723	GTEx_polyA
SRR1383831	GTEx_polyA
SRR1384030	GTEx_polyA
SRR1384234	GTEx_polyA
SRR1385015	GTEx_polyA
SRR1385036	GTEx_polyA
SRR1385080	GTEx_polyA
SRR1385124	GTEx_polyA
SRR1386708	GTEx_polyA
SRR1386818	GTEx_polyA
SRR1387032	GTEx_polyA
SRR1387072	GTEx_polyA
SRR1387178	GTEx_polyA
SRR1387199	GTEx_polyA
SRR1387264	GTEx_polyA
SRR1387809	GTEx_polyA
SRR1387833	GTEx_polyA
SRR1387875	GTEx_polyA
SRR1387945	GTEx_polyA
SRR1387989	GTEx_polyA
SRR1388007	GTEx_polyA
SRR1388168	GTEx_polyA
SRR1388305	GTEx_polyA
SRR1389218	GTEx_polyA
SRR1389348	GTEx_polyA
SRR1390582	GTEx_polyA
SRR1390601	GTEx_polyA
SRR1391598	GTEx_polyA
SRR1391639	GTEx_polyA
SRR1391769	GTEx_polyA
SRR1391879	GTEx_polyA
SRR1391922	GTEx_polyA
SRR1392637	GTEx_polyA
SRR1392725	GTEx_polyA
SRR1392985	GTEx_polyA
SRR1393068	GTEx_polyA
SRR1393553	GTEx_polyA
SRR1394147	GTEx_polyA
SRR1394297	GTEx_polyA
SRR1394343	GTEx_polyA
SRR1394566	GTEx_polyA
SRR1394677	GTEx_polyA
SRR1394713	GTEx_polyA
SRR1394755	GTEx_polyA
SRR1394799	GTEx_polyA
SRR1394936	GTEx_polyA
SRR1395834	GTEx_polyA
SRR1395951	GTEx_polyA
SRR1396078	GTEx_polyA
SRR1396123	GTEx_polyA
SRR1396595	GTEx_polyA
SRR1396640	GTEx_polyA
SRR1396659	GTEx_polyA
SRR1397008	GTEx_polyA
SRR1397073	GTEx_polyA
SRR1397094	GTEx_polyA
SRR1397266	GTEx_polyA
SRR1397906	GTEx_polyA
SRR1398157	GTEx_polyA
SRR1398411	GTEx_polyA
SRR1398839	GTEx_polyA
SRR1398992	GTEx_polyA
SRR1399028	GTEx_polyA
SRR1399051	GTEx_polyA
SRR1399092	GTEx_polyA
SRR1399201	GTEx_polyA
SRR1399779	GTEx_polyA
SRR1399904	GTEx_polyA
SRR1400245	GTEx_polyA
SRR1400269	GTEx_polyA
SRR1400375	GTEx_polyA
SRR1400997	GTEx_polyA
SRR1401062	GTEx_polyA
SRR1401276	GTEx_polyA
SRR1401295	GTEx_polyA
SRR1401424	GTEx_polyA
SRR1401552	GTEx_polyA
SRR1401953	GTEx_polyA
SRR1402239	GTEx_polyA
SRR1402454	GTEx_polyA
SRR1402473	GTEx_polyA
SRR1402513	GTEx_polyA
SRR1402840	GTEx_polyA
SRR1402882	GTEx_polyA
SRR1402900	GTEx_polyA
SRR1403050	GTEx_polyA
SRR1403222	GTEx_polyA
SRR1403831	GTEx_polyA
SRR1403875	GTEx_polyA
SRR1403915	GTEx_polyA
SRR1403958	GTEx_polyA
SRR1404168	GTEx_polyA
SRR1404601	GTEx_polyA
SRR1404640	GTEx_polyA
SRR1404969	GTEx_polyA
SRR1405007	GTEx_polyA
SRR1405485	GTEx_polyA
SRR1406561	GTEx_polyA
SRR1406917	GTEx_polyA
SRR1407134	GTEx_polyA
SRR1407315	GTEx_polyA
SRR1407560	GTEx_polyA
SRR1408113	GTEx_polyA
SRR1408208	GTEx_polyA
SRR1408285	GTEx_polyA
SRR1408327	GTEx_polyA
SRR1408368	GTEx_polyA
SRR1408769	GTEx_polyA
SRR1409282	GTEx_polyA
SRR1409305	GTEx_polyA
SRR1409351	GTEx_polyA
SRR1409534	GTEx_polyA
SRR1409899	GTEx_polyA
SRR1410264	GTEx_polyA
SRR1410448	GTEx_polyA
SRR1410656	GTEx_polyA
SRR1410783	GTEx_polyA
SRR1410912	GTEx_polyA
SRR1410934	GTEx_polyA
SRR1410956	GTEx_polyA
SRR1411024	GTEx_polyA
SRR1413414	GTEx_polyA
SRR1413522	GTEx_polyA
SRR1413562	GTEx_polyA
SRR1413625	GTEx_polyA
SRR1413768	GTEx_polyA
SRR1413959	GTEx_polyA
SRR1414424	GTEx_polyA
SRR1414595	GTEx_polyA
SRR1414684	GTEx_polyA
SRR1414833	GTEx_polyA
SRR1414897	GTEx_polyA
SRR1415095	GTEx_polyA
SRR1415234	GTEx_polyA
SRR1415337	GTEx_polyA
SRR1415732	GTEx_polyA
SRR1415832	GTEx_polyA
SRR1415895	GTEx_polyA
SRR1416096	GTEx_polyA
SRR1416410	GTEx_polyA
SRR1416434	GTEx_polyA
SRR1416477	GTEx_polyA
SRR1416754	GTEx_polyA
SRR1416889	GTEx_polyA
SRR1416999	GTEx_polyA
SRR1417047	GTEx_polyA
SRR1417070	GTEx_polyA
SRR1417111	GTEx_polyA
SRR1417202	GTEx_polyA
SRR1417505	GTEx_polyA
SRR1417827	GTEx_polyA
SRR1417912	GTEx_polyA
SRR1417981	GTEx_polyA
SRR1418127	GTEx_polyA
SRR1418283	GTEx_polyA
SRR1418604	GTEx_polyA
SRR1418818	GTEx_polyA
SRR1418837	GTEx_polyA
SRR1418923	GTEx_polyA
SRR1418992	GTEx_polyA
SRR1419148	GTEx_polyA
SRR1419187	GTEx_polyA
SRR1419675	GTEx_polyA
SRR1419714	GTEx_polyA
SRR1419893	GTEx_polyA
SRR1420215	GTEx_polyA
SRR1420493	GTEx_polyA
SRR1420625	GTEx_polyA
SRR1420891	GTEx_polyA
SRR1420984	GTEx_polyA
SRR1421093	GTEx_polyA
SRR1421140	GTEx_polyA
SRR1421177	GTEx_polyA
SRR1421198	GTEx_polyA
SRR1421305	GTEx_polyA
SRR1421351	GTEx_polyA
SRR1421375	GTEx_polyA
SRR1429162	GTEx_polyA
SRR1429244	GTEx_polyA
SRR1429307	GTEx_polyA
SRR1429329	GTEx_polyA
SRR1429641	GTEx_polyA
SRR1429725	GTEx_polyA
SRR1429891	GTEx_polyA
SRR1429935	GTEx_polyA
SRR1429957	GTEx_polyA
SRR1430248	GTEx_polyA
SRR1430288	GTEx_polyA
SRR1430570	GTEx_polyA
SRR1430817	GTEx_polyA
SRR1430884	GTEx_polyA
SRR1430972	GTEx_polyA
SRR1431183	GTEx_polyA
SRR1431229	GTEx_polyA
SRR1431307	GTEx_polyA
SRR1431345	GTEx_polyA
SRR1431366	GTEx_polyA
SRR1431717	GTEx_polyA
SRR1432067	GTEx_polyA
SRR1432123	GTEx_polyA
SRR1432275	GTEx_polyA
SRR1432321	GTEx_polyA
SRR1432343	GTEx_polyA
SRR1432765	GTEx_polyA
SRR1432823	GTEx_polyA
SRR1433088	GTEx_polyA
SRR1433431	GTEx_polyA
SRR1433600	GTEx_polyA
SRR1433644	GTEx_polyA
SRR1433750	GTEx_polyA
SRR1433796	GTEx_polyA
SRR1433971	GTEx_polyA
SRR1434250	GTEx_polyA
SRR1434271	GTEx_polyA
SRR1434484	GTEx_polyA
SRR1434526	GTEx_polyA
SRR1434782	GTEx_polyA
SRR1434803	GTEx_polyA
SRR1434867	GTEx_polyA
SRR1434934	GTEx_polyA
SRR1435020	GTEx_polyA
SRR1435293	GTEx_polyA
SRR1435484	GTEx_polyA
SRR1435536	GTEx_polyA
SRR1435753	GTEx_polyA
SRR1435775	GTEx_polyA
SRR1435884	GTEx_polyA
SRR1435901	GTEx_polyA
SRR1436394	GTEx_polyA
SRR1436444	GTEx_polyA
SRR1436966	GTEx_polyA
SRR1437306	GTEx_polyA
SRR1437538	GTEx_polyA
SRR1437555	GTEx_polyA
SRR1439674	GTEx_polyA
SRR1439850	GTEx_polyA
SRR1439873	GTEx_polyA
SRR1440013	GTEx_polyA
SRR1440058	GTEx_polyA
SRR1440082	GTEx_polyA
SRR1440119	GTEx_polyA
SRR1440246	GTEx_polyA
SRR1440308	GTEx_polyA
SRR1440356	GTEx_polyA
SRR1440517	GTEx_polyA
SRR1440699	GTEx_polyA
SRR1440763	GTEx_polyA
SRR1440876	GTEx_polyA
SRR1440962	GTEx_polyA
SRR1440986	GTEx_polyA
SRR1441118	GTEx_polyA
SRR1441141	GTEx_polyA
SRR1441200	GTEx_polyA
SRR1441224	GTEx_polyA
SRR1441546	GTEx_polyA
SRR1441701	GTEx_polyA
SRR1442022	GTEx_polyA
SRR1442195	GTEx_polyA
SRR1442356	GTEx_polyA
SRR1442571	GTEx_polyA
SRR1442666	GTEx_polyA
SRR1442885	GTEx_polyA
SRR1443201	GTEx_polyA
SRR1443612	GTEx_polyA
SRR1443824	GTEx_polyA
SRR1443895	GTEx_polyA
SRR1443955	GTEx_polyA
SRR1443979	GTEx_polyA
SRR1444102	GTEx_polyA
SRR1444460	GTEx_polyA
SRR1444479	GTEx_polyA
SRR1444559	GTEx_polyA
SRR1444580	GTEx_polyA
SRR1444622	GTEx_polyA
SRR1444678	GTEx_polyA
SRR1444876	GTEx_polyA
SRR1444932	GTEx_polyA
SRR1445149	GTEx_polyA
SRR1445238	GTEx_polyA
SRR1445347	GTEx_polyA
SRR1445408	GTEx_polyA
SRR1445514	GTEx_polyA
SRR1445532	GTEx_polyA
SRR1445895	GTEx_polyA
SRR1446071	GTEx_polyA
SRR1446092	GTEx_polyA
SRR1446287	GTEx_polyA
SRR1446762	GTEx_polyA
SRR1446828	GTEx_polyA
SRR1446892	GTEx_polyA
SRR1446937	GTEx_polyA
SRR1447259	GTEx_polyA
SRR1447393	GTEx_polyA
SRR1447693	GTEx_polyA
SRR1447986	GTEx_polyA
SRR1448162	GTEx_polyA
SRR1448226	GTEx_polyA
SRR1451897	GTEx_polyA
SRR1451964	GTEx_polyA
SRR1452056	GTEx_polyA
SRR1452292	GTEx_polyA
SRR1452379	GTEx_polyA
SRR1452447	GTEx_polyA
SRR1453145	GTEx_polyA
SRR1453214	GTEx_polyA
SRR1453341	GTEx_polyA
SRR1453569	GTEx_polyA
SRR1453702	GTEx_polyA
SRR1453851	GTEx_polyA
SRR1453932	GTEx_polyA
SRR1454803	GTEx_polyA
SRR1454950	GTEx_polyA
SRR1455060	GTEx_polyA
SRR1455171	GTEx_polyA
SRR1455305	GTEx_polyA
SRR1455369	GTEx_polyA
SRR1455677	GTEx_polyA
SRR1455698	GTEx_polyA
SRR1455925	GTEx_polyA
SRR1456294	GTEx_polyA
SRR1456333	GTEx_polyA
SRR1456514	GTEx_polyA
SRR1456531	GTEx_polyA
SRR1456841	GTEx_polyA
SRR1456903	GTEx_polyA
SRR1456950	GTEx_polyA
SRR1457221	GTEx_polyA
SRR1457418	GTEx_polyA
SRR1457482	GTEx_polyA
SRR1457503	GTEx_polyA
SRR1457551	GTEx_polyA
SRR1457597	GTEx_polyA
SRR1458044	GTEx_polyA
SRR1458134	GTEx_polyA
SRR1458180	GTEx_polyA
SRR1458422	GTEx_polyA
SRR1458595	GTEx_polyA
SRR1459033	GTEx_polyA
SRR1459211	GTEx_polyA
SRR1459423	GTEx_polyA
SRR1459441	GTEx_polyA
SRR1459585	GTEx_polyA
SRR1459655	GTEx_polyA
SRR1459718	GTEx_polyA
SRR1459804	GTEx_polyA
SRR1466641	GTEx_polyA
SRR1466833	GTEx_polyA
SRR1466850	GTEx_polyA
SRR1466871	GTEx_polyA
SRR1470397	GTEx_polyA
SRR1470902	GTEx_polyA
SRR1471350	GTEx_polyA
SRR1471374	GTEx_polyA
SRR1471417	GTEx_polyA
SRR1471435	GTEx_polyA
SRR1471773	GTEx_polyA
SRR1471817	GTEx_polyA
SRR1471903	GTEx_polyA
SRR1471922	GTEx_polyA
SRR1471943	GTEx_polyA
SRR1472079	GTEx_polyA
SRR1472150	GTEx_polyA
SRR1472193	GTEx_polyA
SRR1472301	GTEx_polyA
SRR1472323	GTEx_polyA
SRR1472621	GTEx_polyA
SRR1472663	GTEx_polyA
SRR1472770	GTEx_polyA
SRR1473185	GTEx_polyA
SRR1473422	GTEx_polyA
SRR1473590	GTEx_polyA
SRR1473654	GTEx_polyA
SRR1473733	GTEx_polyA
SRR1473822	GTEx_polyA
SRR1473936	GTEx_polyA
SRR1473979	GTEx_polyA
SRR1474065	GTEx_polyA
SRR1474137	GTEx_polyA
SRR1474333	GTEx_polyA
SRR1474466	GTEx_polyA
SRR1474509	GTEx_polyA
SRR1474553	GTEx_polyA
SRR1474684	GTEx_polyA
SRR1474754	GTEx_polyA
SRR1474777	GTEx_polyA
SRR1474795	GTEx_polyA
SRR1474886	GTEx_polyA
SRR1474951	GTEx_polyA
SRR1475022	GTEx_polyA
SRR1475168	GTEx_polyA
SRR1475257	GTEx_polyA
SRR1475386	GTEx_polyA
SRR1475609	GTEx_polyA
SRR1475675	GTEx_polyA
SRR1475737	GTEx_polyA
SRR1475803	GTEx_polyA
SRR1475909	GTEx_polyA
SRR1475969	GTEx_polyA
SRR1476186	GTEx_polyA
SRR1476279	GTEx_polyA
SRR1476407	GTEx_polyA
SRR1476571	GTEx_polyA
SRR1476614	GTEx_polyA
SRR1476632	GTEx_polyA
SRR1476676	GTEx_polyA
SRR1477080	GTEx_polyA
SRR1477104	GTEx_polyA
SRR1477615	GTEx_polyA
SRR1477634	GTEx_polyA
SRR1478032	GTEx_polyA
SRR1478294	GTEx_polyA
SRR1478768	GTEx_polyA
SRR1479510	GTEx_polyA
SRR1479802	GTEx_polyA
SRR1479912	GTEx_polyA
SRR1480059	GTEx_polyA
SRR1480365	GTEx_polyA
SRR1480479	GTEx_polyA
SRR1480652	GTEx_polyA
SRR1480875	GTEx_polyA
SRR1480988	GTEx_polyA
SRR1481216	GTEx_polyA
SRR1481462	GTEx_polyA
SRR1485167	GTEx_polyA
SRR1485290	GTEx_polyA
SRR1485333	GTEx_polyA
SRR1485459	GTEx_polyA
SRR1485542	GTEx_polyA
SRR1485652	GTEx_polyA
SRR1485789	GTEx_polyA
SRR1485892	GTEx_polyA
SRR1485954	GTEx_polyA
SRR1486097	GTEx_polyA
SRR1486304	GTEx_polyA
SRR1486475	GTEx_polyA
SRR1486496	GTEx_polyA
SRR1486560	GTEx_polyA
SRR1486608	GTEx_polyA
SRR1486626	GTEx_polyA
SRR1486741	GTEx_polyA
SRR1486863	GTEx_polyA
SRR1487107	GTEx_polyA
SRR1487194	GTEx_polyA
SRR1487295	GTEx_polyA
SRR1487321	GTEx_polyA
SRR1487362	GTEx_polyA
SRR1487685	GTEx_polyA
SRR1487825	GTEx_polyA
SRR1488172	GTEx_polyA
SRR1488285	GTEx_polyA
SRR1488349	GTEx_polyA
SRR1488367	GTEx_polyA
SRR1488538	GTEx_polyA
SRR1488562	GTEx_polyA
SRR1488651	GTEx_polyA
SRR1488672	GTEx_polyA
SRR1488751	GTEx_polyA
SRR1489054	GTEx_polyA
SRR1489137	GTEx_polyA
SRR1489155	GTEx_polyA
SRR1489177	GTEx_polyA
SRR1489502	GTEx_polyA
SRR1489779	GTEx_polyA
SRR1489821	GTEx_polyA
SRR1490019	GTEx_polyA
SRR1490382	GTEx_polyA
SRR1490465	GTEx_polyA
SRR1490524	GTEx_polyA
SRR1490568	GTEx_polyA
SRR1490613	GTEx_polyA
SRR1491293	GTEx_polyA
SRR1491311	GTEx_polyA
SRR1498272	GTEx_polyA
SRR1498482	GTEx_polyA
SRR1498550	GTEx_polyA
SRR1498616	GTEx_polyA
SRR1498640	GTEx_polyA
SRR1498702	GTEx_polyA
SRR1498861	GTEx_polyA
SRR1499193	GTEx_polyA
SRR1499442	GTEx_polyA
SRR1499630	GTEx_polyA
SRR1499785	GTEx_polyA
SRR1499823	GTEx_polyA
SRR1499982	GTEx_polyA
SRR1500405	GTEx_polyA
SRR1500428	GTEx_polyA
SRR1500537	GTEx_polyA
SRR1500617	GTEx_polyA
SRR1500753	GTEx_polyA
SRR1500800	GTEx_polyA
SRR1500868	GTEx_polyA
SRR1500998	GTEx_polyA
SRR2135333	GTEx_polyA
SRR2135338	GTEx_polyA
SRR2135342	GTEx_polyA
SRR2135343	GTEx_polyA
SRR2135363	GTEx_polyA
SRR2135374	GTEx_polyA
SRR595926	GTEx_polyA
SRR597927	GTEx_polyA
SRR598124	GTEx_polyA
SRR598196	GTEx_polyA
SRR598253	GTEx_polyA
SRR598276	GTEx_polyA
SRR598428	GTEx_polyA
SRR598638	GTEx_polyA
SRR598671	GTEx_polyA
SRR598768	GTEx_polyA
SRR598862	GTEx_polyA
SRR599486	GTEx_polyA
SRR600348	GTEx_polyA
SRR600361	GTEx_polyA
SRR600445	GTEx_polyA
SRR600533	GTEx_polyA
SRR600560	GTEx_polyA
SRR600608	GTEx_polyA
SRR600724	GTEx_polyA
SRR600754	GTEx_polyA
SRR600876	GTEx_polyA
SRR600957	GTEx_polyA
SRR601122	GTEx_polyA
SRR601287	GTEx_polyA
SRR601500	GTEx_polyA
SRR601669	GTEx_polyA
SRR602169	GTEx_polyA
SRR602193	GTEx_polyA
SRR602314	GTEx_polyA
SRR602365	GTEx_polyA
SRR602516	GTEx_polyA
SRR602540	GTEx_polyA
SRR602598	GTEx_polyA
SRR602622	GTEx_polyA
SRR602704	GTEx_polyA
SRR602728	GTEx_polyA
SRR602871	GTEx_polyA
SRR602927	GTEx_polyA
SRR603068	GTEx_polyA
SRR603397	GTEx_polyA
SRR603596	GTEx_polyA
SRR603752	GTEx_polyA
SRR604026	GTEx_polyA
SRR604050	GTEx_polyA
SRR604074	GTEx_polyA
SRR604098	GTEx_polyA
SRR604146	GTEx_polyA
SRR604318	GTEx_polyA
SRR604366	GTEx_polyA
SRR604456	GTEx_polyA
SRR604528	GTEx_polyA
SRR607091	GTEx_polyA
SRR607141	GTEx_polyA
SRR607311	GTEx_polyA
SRR607478	GTEx_polyA
SRR607538	GTEx_polyA
SRR607887	GTEx_polyA
SRR607967	GTEx_polyA
SRR608002	GTEx_polyA
SRR608174	GTEx_polyA
SRR608368	GTEx_polyA
SRR608456	GTEx_polyA
SRR608574	GTEx_polyA
SRR608718	GTEx_polyA
SRR612311	GTEx_polyA
SRR612380	GTEx_polyA
SRR612407	GTEx_polyA
SRR612419	GTEx_polyA
SRR612455	GTEx_polyA
SRR612563	GTEx_polyA
SRR612575	GTEx_polyA
SRR612623	GTEx_polyA
SRR612731	GTEx_polyA
SRR612899	GTEx_polyA
SRR613042	GTEx_polyA
SRR613090	GTEx_polyA
SRR613114	GTEx_polyA
SRR613270	GTEx_polyA
SRR613354	GTEx_polyA
SRR613366	GTEx_polyA
SRR613498	GTEx_polyA
SRR613579	GTEx_polyA
SRR613627	GTEx_polyA
SRR613735	GTEx_polyA
SRR613747	GTEx_polyA
SRR613807	GTEx_polyA
SRR614071	GTEx_polyA
SRR614083	GTEx_polyA
SRR614155	GTEx_polyA
SRR614310	GTEx_polyA
SRR614323	GTEx_polyA
SRR614383	GTEx_polyA
SRR614443	GTEx_polyA
SRR614455	GTEx_polyA
SRR614479	GTEx_polyA
SRR614515	GTEx_polyA
SRR614539	GTEx_polyA
SRR614563	GTEx_polyA
SRR614742	GTEx_polyA
SRR614802	GTEx_polyA
SRR614900	GTEx_polyA
SRR614924	GTEx_polyA
SRR615096	GTEx_polyA
SRR615141	GTEx_polyA
SRR615213	GTEx_polyA
SRR615249	GTEx_polyA
SRR615515	GTEx_polyA
SRR615599	GTEx_polyA
SRR615731	GTEx_polyA
SRR615766	GTEx_polyA
SRR615934	GTEx_polyA
SRR627299	GTEx_polyA
SRR627421	GTEx_polyA
SRR627425	GTEx_polyA
SRR627429	GTEx_polyA
SRR627433	GTEx_polyA
SRR627449	GTEx_polyA
SRR627451	GTEx_polyA
SRR627453	GTEx_polyA
SRR627462	GTEx_polyA
SRR654874	GTEx_polyA
SRR654886	GTEx_polyA
SRR655134	GTEx_polyA
SRR655146	GTEx_polyA
SRR655218	GTEx_polyA
SRR655435	GTEx_polyA
SRR655649	GTEx_polyA
SRR655684	GTEx_polyA
SRR655864	GTEx_polyA
SRR655923	GTEx_polyA
SRR656167	GTEx_polyA
SRR656179	GTEx_polyA
SRR656493	GTEx_polyA
SRR656516	GTEx_polyA
SRR656552	GTEx_polyA
SRR656564	GTEx_polyA
SRR657127	GTEx_polyA
SRR657151	GTEx_polyA
SRR657325	GTEx_polyA
SRR657348	GTEx_polyA
SRR657587	GTEx_polyA
SRR657635	GTEx_polyA
SRR657683	GTEx_polyA
SRR657731	GTEx_polyA
SRR657754	GTEx_polyA
SRR657777	GTEx_polyA
SRR657891	GTEx_polyA
SRR657915	GTEx_polyA
SRR657973	GTEx_polyA
SRR657997	GTEx_polyA
SRR658129	GTEx_polyA
SRR658188	GTEx_polyA
SRR658247	GTEx_polyA
SRR658307	GTEx_polyA
SRR660626	GTEx_polyA
SRR660933	GTEx_polyA
SRR660945	GTEx_polyA
SRR660969	GTEx_polyA
SRR661133	GTEx_polyA
SRR661290	GTEx_polyA
SRR661349	GTEx_polyA
SRR661433	GTEx_polyA
SRR661779	GTEx_polyA
SRR661818	GTEx_polyA
SRR661995	GTEx_polyA
SRR662007	GTEx_polyA
SRR662091	GTEx_polyA
SRR662138	GTEx_polyA
SRR662233	GTEx_polyA
SRR662342	GTEx_polyA
SRR662534	GTEx_polyA
SRR662689	GTEx_polyA
SRR663261	GTEx_polyA
SRR663320	GTEx_polyA
SRR663453	GTEx_polyA
SRR663753	GTEx_polyA
SRR664048	GTEx_polyA
SRR664819	GTEx_polyA
SRR664842	GTEx_polyA
SRR664854	GTEx_polyA
SRR665241	GTEx_polyA
SRR665298	GTEx_polyA
SRR665334	GTEx_polyA
SRR665670	GTEx_polyA
SRR807591	GTEx_polyA
SRR807657	GTEx_polyA
SRR808614	GTEx_polyA
SRR810319	GTEx_polyA
SRR810571	GTEx_polyA
SRR810877	GTEx_polyA
SRR810957	GTEx_polyA
SRR812012	GTEx_polyA
SRR812436	GTEx_polyA
SRR814563	GTEx_polyA
SRR814967	GTEx_polyA
SRR814989	GTEx_polyA
SRR815232	GTEx_polyA
SRR816292	GTEx_polyA
SRR816721	GTEx_polyA
SRR816770	GTEx_polyA
SRR817190	GTEx_polyA
SRR817258	GTEx_polyA
SRR817629	GTEx_polyA
SRR817658	GTEx_polyA
SRR817686	GTEx_polyA
SRR817715	GTEx_polyA
SRR817751	GTEx_polyA
SRR817758	GTEx_polyA
SRR817775	GTEx_polyA
SRR817797	GTEx_polyA
SRR817832	GTEx_polyA
SRR817856	GTEx_polyA
SRR817880	GTEx_polyA
SRR817905	GTEx_polyA
SRR817927	GTEx_polyA
SRR817978	GTEx_polyA
SRR818033	GTEx_polyA
SRR818057	GTEx_polyA
SRR818086	GTEx_polyA
SRR818110	GTEx_polyA
SRR818146	GTEx_polyA
SRR818188	GTEx_polyA
SRR818210	GTEx_polyA
SRR818270	GTEx_polyA
SRR818348	GTEx_polyA
SRR818396	GTEx_polyA
SRR818418	GTEx_polyA
SRR818469	GTEx_polyA
SRR818971	GTEx_polyA
SRR819134	GTEx_polyA
SRR819346	GTEx_polyA
SRR819370	GTEx_polyA
SRR819534	GTEx_polyA
SRR819793	GTEx_polyA
SRR819999	GTEx_polyA
SRR820078	GTEx_polyA
SRR820107	GTEx_polyA
SRR820133	GTEx_polyA
SRR820157	GTEx_polyA
SRR820209	GTEx_polyA
SRR820292	GTEx_polyA
SRR820379	GTEx_polyA
SRR820468	GTEx_polyA
SRR820518	GTEx_polyA
SRR820883	GTEx_polyA
SRR820962	GTEx_polyA
SRR821019	GTEx_polyA
SRR821434	GTEx_polyA
SRR821468	GTEx_polyA
SRR821549	GTEx_polyA
SRR821581	GTEx_polyA
SRR821602	GTEx_polyA
SRR821626	GTEx_polyA
SRR821690	GTEx_polyA
